{
    "Variaveis_X": [
        "Ano",
        "Indice_Novo",
        "Mes_Sin",
        "Mes_Cos",
        "Media_Movel_Receita_3M",
        "Media_Movel_Custos_3M",
        "Media_Movel_Despesas_3M"
    ],
    "Metricas_Teste": {
        "MAE": 398871.0641183001,
        "MSE": 222670388617.40573,
        "RMSE": 471879.63361158717,
        "R2": 0.544368695393102
    },
    "Metricas_Treino": {
        "MAE": 493445.1989190853,
        "MSE": 591654886320.6123,
        "RMSE": 769191.0596988321,
        "R2": 0.4323320180543623
    }
}