{
    "Variaveis_X": [
        "Ano",
        "Indice_Novo",
        "Mes_Sin",
        "Mes_Cos",
        "Media_Movel_Receita_3M",
        "Media_Movel_Custos_3M",
        "Media_Movel_Despesas_3M"
    ],
    "Metricas_Teste": {
        "MAE": 2806444.0607120185,
        "MSE": 19814754994804.55,
        "RMSE": 4451376.75273668,
        "R2": -39.54523246133648
    },
    "Metricas_Treino": {
        "MAE": 764620.8270819439,
        "MSE": 1061496512099.9349,
        "RMSE": 1030289.5282880124,
        "R2": -0.01846126314179042
    }
}