{
    "Variaveis_X": [
        "Ano",
        "Indice_Novo",
        "Mes_Sin",
        "Mes_Cos",
        "Media_Movel_Receita_3M",
        "Media_Movel_Custos_3M",
        "Media_Movel_Despesas_3M"
    ],
    "Metricas_Teste": {
        "MAE": 642651.5112906243,
        "MSE": 632615146424.3541,
        "RMSE": 795371.0746716617,
        "R2": -0.2944660772774219
    },
    "Metricas_Treino": {
        "MAE": 576073.5906800093,
        "MSE": 817374487098.944,
        "RMSE": 904087.6545440403,
        "R2": 0.21576355352895304
    }
}